"path.to.input","perceptdist","moveangle","diffusionrate","swarming","winddirection","windspeed","meanenergy","beetle_percentsucc1","max_flightdist_inf1","max_distance_host1","mean_flightdist_inf1","mean_distance_host1","max_flightdist_all1","mean_flightdist_all1","mean_traveldist1","max_traveldist1","mean_airline1","max_airline1","nhost1"
"input/A/",3.1,29.2,7,44,46.7,3.7,7,24.92,1905,20,20.76,7.4,3400,87.27,129.41,5083.36,70.03,1365.88,52
"input/A/",0.1,60.7,20,43,303.2,5.4,8.3,21.77,2285,53.15,36.82,9.4,3165,157.46,255.39,5115.42,123.67,1575.64,41
"input/A/",0.7,57,16,32,211.1,5.2,6.2,41.47,1705.72,20,20.61,8.88,3205,91.73,155.96,5049.39,83.89,1738.28,98
"input/A/",1,50.4,23,13,208.2,4.9,11.5,14.83,2490,171.17,150.51,77.47,5145,403.36,702.39,7434.13,349.64,1811.82,43
"input/A/",5.9,55.3,17,30,14.8,2,11.1,6.08,3464.3,93.01,125.35,43.53,3464.3,197.88,287.14,4578.69,111.52,1116.9,13
"input/A/",5.5,82.4,4,33,206.8,2.2,8,38.4,1233.6,31.62,32.3,10.4,4345,187.02,326.1,5968.62,156.77,1738.57,94
"input/A/",1,59.1,0,48,4.4,3.9,6.4,26.76,1080,14.14,19.45,6.91,2450,60.29,88.68,3470.58,43.2,848.03,58
"input/A/",4,85.8,0,12,3,2.7,9.1,52.01,2010,93.01,42.95,21.42,2515,72.76,105.74,3385.93,45.22,803.72,158
"input/A/",0,62.5,20,28,158.8,4.6,12.9,3.12,2985,375,422.07,202.32,5765,544.69,835.51,8324.3,325.71,1898.28,7
"input/A/",2.7,30.1,18,39,41.1,4.6,7.1,29.7,1995,36.06,24.28,8.42,2620,87.64,130.01,3852.05,69.54,1172.07,68
"input/A/",5.8,25.3,3,30,348.2,5,7.7,32.54,2135,36.06,25.01,10.24,3285,74.58,134.4,5779.82,74.7,1507.26,75
"input/A/",4.1,17.1,15,53,220.6,5,13,3.75,3751.8,170.88,351.84,156.55,5255,404.84,897.68,10029.53,575.31,1814.86,5
"input/A/",4.6,77.7,7,18,213.9,0.6,10.6,21.38,1515,150,88.52,42.42,4385,322.72,615.26,6360.6,313.59,1799.92,48
"input/A/",5.9,69.1,22,38,17.4,2.1,6.1,34.75,781.1,15,21.55,7.58,1640,41.07,66.53,2519.83,33.44,605.6,76
"input/A/",2.2,66.7,19,17,295.7,1.6,7.2,53.63,1745,86.02,28.21,13.54,1985,66.2,149.53,4049.98,90.87,1575.33,152
"input/A/",5.3,24,18,9,245.2,4.8,8.4,54.23,2150,176.71,35.46,30.53,3315,106.71,262.28,6056.47,185.41,1817.57,166
"input/A/",4.4,44.5,2,14,345.1,0.3,9.6,29.2,1455,95.52,45.47,29.46,2455,85.04,164.65,4115.4,90.46,1142.27,85
"input/A/",4.7,75.5,5,56,188.3,3.5,12.7,0,0,0,0,0,5270,596.28,982.79,7516.6,413.33,1738.14,0
"input/A/",0.1,82.7,22,34,321.3,0.2,13.6,0.66,2900,28.28,265.13,26.64,4700,277.78,412.07,6334.44,153.56,1568.76,2
"input/A/",1.3,20.7,8,13,274.9,0.4,11,7.29,3290,350.46,183.2,102.59,4640,300.69,481.94,7137.83,301.87,1811.17,24
"input/A/",0.3,17.9,9,52,150.7,2.8,8.1,9.17,2910,11.18,20.03,6.77,4700,269.4,407.67,8331.34,245.08,1898.89,11
"input/A/",1,82.4,0,51,16.4,0.1,8,32.04,3060,15.81,43.59,8.76,5550,143.23,155.07,5876.79,50.17,996.11,76
"input/A/",3.3,67.7,12,45,43.7,5.4,9.8,6.93,1040,81.39,68.17,24.77,1945,134.93,238.12,3111.37,108.36,958.3,11
"input/A/",1.4,62.4,12,26,292.5,3.1,12.9,5.79,4215,92.2,262.59,48.87,7930,435.43,448.56,8257.83,137.74,1605.97,12
"input/A/",5.9,63.3,18,50,249.8,1.5,9,13.55,1595,170.07,51.36,16.62,3010,237.68,559.7,5687.75,339,1814,23
"input/A/",4.8,14,12,34,139.4,1.8,13.6,0,0,0,0,0,4865,441.21,467.96,5146.19,379.48,1902.02,0
"input/A/",2,82.6,17,55,282.1,2.5,11,4.15,4309.08,43.01,143.88,20.28,6670,400.77,477.02,8023.1,134.8,1563.49,6
"input/A/",1.3,53,13,25,102.8,3.7,7.4,44.8,1725,26.93,32.28,10.94,2525,86.85,161.03,4538.61,88.19,1657.24,116
"input/A/",2.8,59.1,16,22,260.9,3.1,8.7,39.64,1920,302.08,50.65,33.12,2840,148.83,343.08,4904.84,210.04,1797.53,87
"input/A/",0.6,58.9,14,19,23.4,5.3,9.3,33.12,1650,93.01,52.23,25.92,2985,101.04,154.07,4065.54,68.99,823.55,88
"input/A/",0.7,25.6,16,32,136.9,1.5,8.2,33.73,1960,243.31,49.64,20.07,3050,155.31,314.69,5869.49,196.26,1898.93,94
"input/A/",2.6,75.2,7,18,194,2.5,12.1,20.11,4785,111.8,201.23,41.79,6840,395.09,446.03,8165.74,124.81,1668.16,57
"input/A/",1.7,78.5,23,54,104.4,1.5,9.4,13.41,2595,43.01,76.21,10.88,2900,241.4,401.25,5015.72,173.65,1526.68,30
"input/A/",0.7,61.3,14,40,213.9,3.5,11,2.81,835,149.83,112.16,63.7,3320,365.45,913.77,5693.12,566.15,1810.53,4
"input/A/",4.1,15.3,5,33,31.8,4.1,12.2,5.48,4290,205.91,316.95,74.58,5430,226.64,367.79,9472.07,173.77,1529.23,16
"input/A/",2.2,42.3,4,46,88,4.4,11.8,3.03,3460,95,255.87,54.5,5520,341.76,462.93,8064.46,182.48,1844.47,9
"input/A/",4.5,15,12,34,8.5,1.2,11.7,0.99,3180,205.55,412.67,100.37,5120,212.17,363.85,9198.21,172.81,1489.12,3
"input/A/",2.3,29.2,2,7,196.6,4.1,9.5,35.16,3030,176.78,49.92,34.06,4275,230.16,346.1,6666.64,198.54,1883.85,125
"input/A/",2.5,79.8,12,15,153.5,4.9,12.8,25.05,2350,395.03,209.39,140.65,4875,367.03,609.77,7024.7,257.02,1903.75,62
"input/A/",2.4,88.7,12,41,351.7,4.7,10,9.91,1865,68.01,86.43,31.25,3045,157.56,236.79,4142.21,91.35,884.14,24
"input/A/",4.8,25.9,18,18,223.9,0.1,10,10.21,2680,171.17,90.82,58.25,4665,331.14,525.36,7676.4,314.94,1813.38,20
"input/A/",3.9,73.3,17,55,163.4,0.6,10,5.49,2828.21,55.23,110.55,24.81,5360,400.94,562.91,7313.45,197.04,1886.34,10
"input/A/",4,58.1,11,54,38.2,2.3,10.8,0.72,1085,29.15,115.1,25.76,2480,167.09,279.93,3803.76,119.76,955.3,2
"input/A/",5.8,54.4,4,38,232.9,3.4,10.2,3.13,2035,43.01,72.04,20.43,5495,410.25,578.9,7417.69,241.82,1798.76,4
"input/A/",0.5,23.2,2,38,340.6,2.1,14,0,0,0,0,0,5185,195.17,372.95,9655.62,187.59,1574.69,0
"input/A/",1.8,34.1,8,23,117.9,3.4,7.9,44.6,2300,215.87,39.76,13.48,3190,113.76,192.02,5406.88,110.21,1892.86,129
"input/A/",5.2,22.2,13,22,323.8,1.1,11.7,6.35,3180,140,236.99,51,4435,265.48,433.15,6822.91,227.05,1667.6,16
"input/A/",1.4,65.2,1,41,15.6,3.2,6.8,30.83,815,35.36,21.33,8.86,1475,52.5,90.83,2439.44,45.69,710.16,74
"input/A/",5.1,43.8,1,17,113.7,1.8,12.2,19.39,3205,243.31,204.13,56.38,4750,303.79,453.31,7426.11,200.28,1896.93,65
"input/A/",3.8,87.3,20,19,218,5.5,10.9,17.41,790,203.04,81.64,49.32,3135,312.78,700.05,5602.86,399.87,1803.41,35
"input/A/",0.5,75.7,18,47,3.6,2.2,12.7,0,0,0,0,0,2920,184.98,290.13,4326.91,113.8,798.08,0
"input/A/",5,32.5,9,22,322.7,0.3,10.8,6.51,3275,70.71,182.66,34.61,4360,249.92,384.35,6205.68,191.38,1671.6,19
"input/A/",3.8,82.5,19,21,33,1.5,12.5,9.54,1515,137.93,145.02,72.91,2355,163.71,256.2,3402.59,99.2,762.76,21
"input/A/",2,72.3,1,52,346.3,1.5,11.7,3.25,4460,55.23,207.31,27.61,7585,411.66,423.76,8000.65,115,1500.45,6
"input/A/",4.1,32.3,5,25,64.6,1.6,8.6,27.73,3150,65.19,53.34,14.78,3290,136.91,201.33,5069.77,105.78,1524.27,78
"input/A/",5.8,2,23,38,79.3,1,11.8,11.45,4411.87,206.16,201.66,59.77,6095,230.36,428.11,12014.07,231.49,1694.95,32
"input/A/",2.9,14.7,3,21,177.9,2.9,8.6,23.36,2725,72.8,30.33,12.56,3875,240.78,359.75,6851.81,247.82,1896.43,58
"input/A/",1.4,2.9,13,46,308.9,1.4,8.1,12.06,1545,15.81,20.11,7.96,2600,222.96,265.66,3326.68,219.96,1895.67,14
"input/A/",6,29.6,13,18,49.2,5.3,8.9,22.64,3475,70,46.72,18.62,4325,176.87,230.19,5923.48,117.09,1618.11,43
"input/A/",3.3,46.2,17,9,215.9,1.3,12,18.82,2483.04,528.51,139.72,103.09,4315,344.64,708.88,7387.07,405.3,1814.58,62
"input/A/",5.5,51.6,8,40,345.1,2.8,8.8,13.08,3745,25,39.63,10.17,5395,235.94,257.19,6027.24,107.75,1546.69,20
"input/A/",2,75.8,12,27,242.7,3.7,9.3,24.97,2655,75,50.05,14.99,4725,258.66,401.91,6804.47,171.9,1780.12,55
"input/A/",4.8,52.9,21,31,102.2,3,10.8,13.05,2010,134.63,112.12,29.02,2585,237.21,457.33,4804.07,235.03,1724.41,25
"input/A/",2,6,4,29,335,3.8,6,43.02,1385,15.81,18.81,8.93,3315,59.36,88.68,6522.71,57.62,1747.81,107
"input/A/",1.2,75.4,11,35,17.6,0.2,12,7.74,4610,93.01,224,48.5,5335,273.31,336.17,6275.73,97.18,1086.33,19
"input/A/",4.7,35.8,14,20,68.3,3.8,10.7,20.46,2249.26,93.01,115.18,30.57,3490,170.04,285.38,5760.58,141.62,1405.4,58
"input/A/",4.5,60.1,4,41,131.4,1.6,12.7,0.41,3130,7.07,246.08,6.04,5840,506.3,678.22,7886.59,224.19,1900.04,2
"input/A/",0.5,68.3,19,32,330.2,1,9,20.9,2205,60.21,38.43,12.67,2845,126.3,213.23,4194.1,101.24,1310.43,38
"input/A/",4.5,8.6,0,18,221.6,4.8,11.5,1.89,2045,176.78,334.21,154.31,4290,383.4,557.42,6854.74,429.6,1891.39,6
"input/A/",1.7,22.2,5,46,79,5,8.3,21.85,2005,58.31,47,12.61,3285,122.34,233.16,6014.22,138.62,1572.71,51
"input/A/",0.6,21.5,4,25,41.9,5,11.7,8.75,3085,217.08,275.61,59.6,4650,218.04,346.62,7905.97,164.71,1433.99,29
"input/A/",3.4,65,0,38,303.1,1,12.6,3.06,3145,86.02,264.48,45.54,3660,268.3,493.82,6156.86,242.79,1583.28,9
"input/A/",4.8,82.2,3,47,356.3,2.4,10.5,1.53,1180,80.78,69.15,34.55,2650,149.69,249.68,4042.5,106.57,807.72,3
"input/A/",4,73.8,23,30,55.7,2.8,6.5,48.38,1345,30,24.84,9.63,2265,51.67,76.48,3166.57,35.81,942.88,127
"input/A/",4.1,58.8,14,40,55.6,0.3,10.7,6.05,2809.61,55.23,139.04,27.95,4800,274.91,340.42,6112.93,115.05,1381.89,11
"input/A/",5.6,49.5,12,12,208.7,4.1,6.7,62,2592.41,30,22.97,10.32,5275,67.98,71.88,5809.4,41.17,1419.49,185
"input/A/",4.2,3.7,22,42,311.6,3.6,13.1,5.58,3175,86.02,224.41,55.07,6195,256.15,538.64,11992.92,306.83,1644.53,11
"input/A/",3.5,10,13,23,242.5,3.2,10,8.63,2800,232.65,149.59,90.94,4570,291.62,528.58,8696.02,378.76,1816.86,17
"input/A/",2.1,50.4,17,54,198.6,3.8,9.1,3.92,2040,15.81,46.33,10.92,5130,391.7,564.83,7615.21,244.81,1805.74,4
"input/A/",0.2,14.9,9,44,251.5,2.7,11.4,0.88,3600,165.53,465.92,163.39,4610,356.58,602.55,8081.04,403.12,1816.09,2
"input/A/",3.2,66.9,1,40,103.9,3,12.5,4.31,2250,170,364.05,149.77,3070,336.88,620.98,5325.52,294.49,1642.61,9
"input/A/",0.1,40.8,22,19,218.9,2.8,12,0.87,2850,171.17,393.14,144.35,6005,476.1,634.12,7946.37,285.91,1813.73,4
"input/A/",3.6,73.1,14,53,110.5,1.8,8.9,18.98,2440,25,58.6,9.08,3410,214.88,371.83,5439.48,169.97,1794.92,42
"input/A/",1.4,13.5,9,39,251.7,2.4,9.9,0,0,0,0,0,3775,338.2,369.18,4150.07,310.83,1886.5,0
"input/A/",1.8,20.1,14,51,340.8,1.3,13.8,1.38,2810,55.23,334.82,38.87,4985,235.69,418.77,9394.56,203.62,1580.15,4
"input/A/",5,86.3,10,25,347,4.2,9.3,30.31,1380,85.44,48.45,32.01,2125,84.62,158.24,3236.19,79.27,804.44,71
"input/A/",3.8,60.4,23,11,32.3,1.7,10.6,34.8,3144.05,137.93,91.54,36.02,3530,140.81,189.31,4625.3,75.24,985.3,109
"input/A/",4.2,51.7,13,24,178.7,0.5,8.4,33.31,1800,47.17,32.83,11.33,3855,211.49,399.08,5978.07,213.5,1810.61,90
"input/A/",3.2,63,13,18,224.9,3.1,6.7,56.39,1326.52,35.36,23.07,10.55,3150,82.02,155.91,5067.76,88.64,1785.25,155
"input/A/",5.4,26,10,11,350.1,0.1,13.1,5.52,3165,269.07,149.36,74.47,4730,179.61,323.98,8343.58,159.49,1501.79,22
"input/A/",0.9,43.2,23,29,34.5,5,7.7,35.73,1310,50,29.58,11.81,2760,75.76,125.43,4195.16,64.45,979.03,91
"input/A/",2.9,33.7,2,40,28.6,3,8.3,18.88,1915,43.01,46.92,16.32,2950,127.15,197,4431.67,96.59,1083.18,42
"input/A/",5.5,70.7,22,8,323,4.5,12.4,32.31,4275,155.08,133.69,42,4995,201.53,272.77,6682.58,103.19,1571.45,87
"input/A/",1.9,13.7,21,48,27.4,2.6,10.5,1.02,3165,161.94,314.41,74.8,4955,271.66,401.87,7998.08,199.35,1679.58,3
"input/A/",0.7,45.5,9,15,200.8,0.6,13.3,5.16,2720,985.05,239.44,250.67,3800,439.12,1044.28,6874.02,634.28,1805.81,17
"input/A/",2.8,8,22,28,306.8,2.4,10.3,0.97,2000,30,59.81,30,5530,303.1,459.53,10936.34,288.41,1816.04,1
"input/A/",5.7,13.6,19,50,323.1,0.9,8.2,14.09,2335,50,37.84,14.9,3690,155.11,276.4,6331.9,155.67,1644.08,19
"input/A/",0.8,62.7,8,38,98.2,2.3,12.2,4.88,2965,134.63,209.88,37.48,4760,342.29,503.53,6686.39,190.36,1741.9,18
"input/A/",1.3,11.8,19,25,131.1,0.9,11.8,11.67,3745,702.57,259.39,129.97,4905,339.01,572.6,9392.72,346.93,1901.86,37
"input/A/",3.1,66.2,5,16,136.8,3.8,12.5,20.88,4980,111.8,211.3,46.39,6220,356.43,405.55,7550.15,121.32,1881.56,60
"input/B/",5.2,35.7,9,39,219.3,1.9,9.9,0,0,0,0,0,4020,568.62,841.43,6828.69,378.71,1559.54,0
"input/B/",4.3,57.8,7,30,61.7,4.9,12.1,0,0,0,0,0,3855,530.41,752.52,5271.37,277.66,616.56,0
"input/B/",1.8,78,15,17,301.6,4.3,9.1,35.55,1990,20.62,57.88,10.35,3495,384.69,592.77,5363.23,238.38,1336.89,9
"input/B/",2,67.4,11,44,38.7,2.8,7.5,4.25,1195,7.07,47.67,6.04,2905,340.24,495.03,4076.65,201.6,618.21,2
"input/B/",0.5,55.9,10,33,17.2,3.1,10.7,0,0,0,0,0,3540,515.44,779.01,4875.67,333.17,907.63,0
"input/B/",1.4,75.5,14,14,88.2,3.9,6.5,64.39,1150,11.18,18.42,7.01,2195,97.83,130.02,2867.61,48.84,568.9,21
"input/B/",1.7,16.5,7,31,290.1,0.7,6.1,16.65,1325,5,9.29,5,3120,202.61,327.67,6282.96,222.93,1549.01,4
"input/B/",2.6,74.8,8,53,273,1.2,11.8,0,0,0,0,0,5025,807.46,1188.01,7079.3,421.25,1427.13,0
"input/B/",5.1,27.4,2,52,22.8,3.6,9.1,0,0,0,0,0,3220,376.51,567.4,4914.29,324.89,983.47,0
"input/B/",0.6,19.5,5,37,112.8,3.3,7.5,0,0,0,0,0,3455,289.24,423.76,6234.08,231.91,1137.26,0
"input/B/",0.9,52.5,17,45,160.2,1,11.1,0,0,0,0,0,3395,480.51,823.4,5683.71,381.75,1118.88,0
"input/B/",0.8,28,7,39,248.7,0.3,9.6,0,0,0,0,0,4685,553.2,661.21,6029.35,358.7,1557.82,0
"input/B/",2.6,88.1,7,34,26,1.1,8.8,10.19,840,18.03,45.02,10.03,1955,364.42,624.14,3070.62,279.45,618.98,3
"input/B/",5,20.3,4,32,191.8,4.6,13.1,0,0,0,0,0,5500,586.84,1025.01,9197.05,557.22,1562.55,0
"input/B/",4.7,78.8,7,50,120.9,4.9,6.4,4.51,460,5,15.35,5,1765,156.06,247.77,2752.96,105.9,814.64,1
"input/B/",5.7,29.1,5,8,225.5,2.5,8.5,27.62,2440,65.76,27.24,18.14,3630,321.94,508.41,6179.36,246.06,1557.43,11
"input/B/",4.9,56.1,3,51,126.6,3,8.1,0,0,0,0,0,2680,306.19,446.65,4362.12,180.9,1009.41,0
"input/B/",2.1,34.2,15,44,66.9,1.3,12.9,0,0,0,0,0,2805,351.17,646.81,4841.95,314.37,618.02,0
"input/B/",2.8,85.4,22,9,48.2,2.2,8.5,64.22,1850,35,35.76,10.72,2675,174.56,237.46,3452.56,84.68,616.14,17
"input/B/",2.9,32.2,1,8,221,1.1,11.5,0,0,0,0,0,5310,690.44,876.96,7279.94,385.59,1559.66,0
"input/B/",3.8,0.1,4,19,11.1,0.4,13.2,0,0,0,0,0,2855,529.59,708.09,4340.44,493.17,1561.39,0
"input/B/",4.8,30.1,11,44,356.5,3.7,11.4,0,0,0,0,0,3450,379.2,770.72,6097.45,427.99,1005.58,0
"input/B/",5.9,57.4,6,56,275.2,4.6,9.7,0,0,0,0,0,5080,659.32,848.81,7080.72,294.49,1561.87,0
"input/B/",4,21.9,20,29,165.2,1.7,12.3,0,0,0,0,0,5030,626.36,681.92,5562.8,429.67,1564.94,0
"input/B/",5.8,88.1,5,36,298.6,3.1,8.5,27.59,1465,11.18,46.6,6.72,3340,403.57,615.04,4969.48,236.98,1338.9,6
"input/B/",0.6,65.5,18,46,286.7,2.8,11.3,0,0,0,0,0,3430,695.87,1201.62,5454.91,542.93,1337.32,0
"input/B/",4.6,84,18,44,306.6,5,6.7,18.7,1795,5,24.99,5,4370,243.66,315.99,6242.06,107.83,1324.39,4
"input/B/",5.9,81.3,21,47,148.7,0.5,11.3,0,0,0,0,0,2165,447.49,780.37,3611.02,347.38,1014.69,0
"input/B/",1.3,12,21,55,112.3,1.5,10.9,0,0,0,0,0,4760,434.36,689.83,8954.35,356.7,1117.06,0
"input/B/",3.1,64.4,23,37,329.6,1.3,13.9,0,0,0,0,0,2825,519.18,988.97,4469.15,492.12,1323.01,0
"input/B/",5.9,54,20,14,145.9,3.6,13,0,0,0,0,0,6490,808.78,878.44,7566.89,252.63,1419.83,0
"input/B/",0.5,38.8,11,26,134.4,0,8.4,9.22,1690,7.07,32.54,6.38,3255,311.5,468,4932.57,215.9,1029.15,3
"input/B/",0.2,74,23,31,270.4,0.4,9.3,0,0,0,0,0,2415,487.64,918.84,4479.12,445.29,1352.68,0
"input/B/",3.2,27.1,12,49,79.7,5.1,9.5,0,0,0,0,0,3725,413.86,576.33,5495.64,290.12,1004.74,0
"input/B/",3.7,27.3,1,42,282.6,4.5,13.6,0,0,0,0,0,5150,748.33,1082.62,7778.81,546.37,1559.35,0
"input/B/",5,89.4,5,17,297.9,0.3,7.6,66.59,2080.78,25,41,9.03,4490,185.02,203.58,5488.35,56.33,1303.33,20
"input/B/",4.7,5.1,7,30,335.3,1,9.8,0,0,0,0,0,3350,435.85,572.16,5046.47,437.28,1562.85,0
"input/B/",5.6,80.8,1,35,278.6,2.4,13,0,0,0,0,0,6085,969.71,1257.51,7856.76,351.56,1440.2,0
"input/B/",1.5,8.2,20,15,317.8,2.2,11.2,0,0,0,0,0,4215,421.92,847.16,8454.6,511.53,1336.92,0
"input/B/",0.8,60.6,3,13,142.1,4.7,12.6,0.8,1625,110.11,263.44,110.11,3485,543.65,798.42,5072.14,297.47,1022.03,1
"input/B/",1.5,70.6,3,30,233.8,2.1,8.4,14.04,3075,7.07,69.64,6.55,5335,402.37,402.37,5335,120.04,1227.61,4
"input/B/",1.7,59.4,7,50,99.1,1.2,8.1,0,0,0,0,0,4890,432.03,457.58,5479.79,153.75,996.1,0
"input/B/",0.6,14.1,0,45,37.6,0.7,12,0,0,0,0,0,3500,344.87,684.8,6375.29,364.15,767.28,0
"input/B/",3.6,69.7,5,38,252.3,2.6,9.6,4.4,2655,7.07,102.44,7.07,6015,597.21,714.06,7713.65,198.19,1555.48,1
"input/B/",5.5,34.9,8,16,76,5.2,10.4,0,0,0,0,0,5250,555.42,610.63,5857.16,294.33,1559.78,0
"input/B/",4,89.9,20,41,10,0.5,13.8,0,0,0,0,0,3805,662.23,1008.89,5215.72,373.51,730.91,0
"input/B/",3.1,58.9,11,26,61,4.2,7,32.29,1510,11.18,25.67,6.03,3480,217.78,248.92,4147.84,95.95,747.35,10
"input/B/",0.9,30.2,5,39,299,2.1,8.3,0,0,0,0,0,2815,402.35,760.03,5105.79,439.85,1342.02,0
"input/B/",3.4,23,20,45,330.3,4.1,7.4,0,0,0,0,0,3325,318.28,482.38,5513.9,313.13,1334.86,0
"input/B/",4.2,88.2,8,27,156.4,5.2,10.1,0,0,0,0,0,1945,394.69,694.33,3445.89,312.67,1015.32,0
"input/B/",2.4,62.3,0,10,281,2,8.8,42.63,2670,45.28,53.76,13.45,4105,319.11,408.89,5645.32,147.09,1504.89,14
"input/B/",6,20,13,9,171,5.1,6.5,69.99,1940,18.03,14.81,7.62,2755,86.04,148.35,5135.54,74,1349.53,23
"input/B/",4.6,23,13,23,339,0.4,7.7,28.94,1700,11.18,20.82,6.55,2420,213.27,451.46,4616.02,289.93,1308,8
"input/B/",4.6,54.5,21,33,215.3,4.8,11.5,0,0,0,0,0,2895,589.57,1069.69,5411.75,512.25,1559.18,0
"input/B/",5.7,2.9,14,46,216.9,3.9,13.4,0,0,0,0,0,6770,599.77,1174.47,13620.53,685.65,1558.53,0
"input/B/",1,44.2,14,32,338.4,1,6.7,18.55,1480,7.07,18.38,5.83,2605,232.23,348.93,3874.49,185.61,1325.11,5
"input/B/",1,38.4,8,14,50.8,4.3,10.1,0,0,0,0,0,4180,415.59,630.94,5825.42,300.78,763.45,0
"input/B/",2.6,25.4,17,30,358,1.6,6.3,10.4,1255,5,8.27,5,3305,219.08,247.88,3951.95,174.74,1458.28,3
"input/B/",1.5,47.9,23,24,329.2,3.4,6.5,40.85,1975,7.07,18.84,5.94,2320,200.54,330.44,3595.65,179.86,1307.59,11
"input/B/",1.3,40.4,21,38,165.9,3.1,10,0,0,0,0,0,6175,586.74,641.57,6902.41,261.24,1551.41,0
"input/B/",0,36.1,20,7,113.8,2.1,6.7,70.94,1045,65.76,17.12,10.87,2145,74.95,128.29,3795.84,63.54,862.47,27
"input/B/",1.3,78.3,3,35,37.3,3.8,6.4,20.34,950,7.07,20,5.52,2535,184.17,263.48,3384.25,106.25,618.8,4
"input/B/",4.8,42.7,10,14,237.8,0.6,9.4,12.34,1040,7.07,35.46,6.04,2685,386.22,750.17,4969.37,393.02,1560.98,2
"input/B/",1.6,26.9,10,41,2.6,4.9,11.7,0,0,0,0,0,4685,466.41,700.05,7279.12,386.32,1327.95,0
"input/B/",0.2,88.2,11,23,240.8,2,6.2,63.76,810,20.62,20.09,7.98,2085,95.77,141.69,3596.77,53.61,1555.79,18
"input/B/",0.8,18.5,12,15,17.7,5,6.5,49.77,1620,11.18,10.08,5.86,3690,155.79,198.62,5357.48,153.54,1314.87,12
"input/B/",3.3,89.9,18,22,316.4,0.6,7.1,59.48,2179.41,14.14,28.51,6.71,3190,184.74,253.62,4368.78,93.69,1317.34,15
"input/B/",1.3,62.5,15,46,262.8,4,11.8,0,0,0,0,0,3325,685.26,1183.98,5526.03,524.82,1528.86,0
"input/B/",3.1,12.4,1,36,337.8,0.9,8.2,0,0,0,0,0,3970,347.34,516.81,7358.12,363.78,1333.62,0
"input/B/",3.9,68.8,13,41,171.6,0.1,11.5,0,0,0,0,0,1975,485.72,960.9,3744.11,494.6,1075.04,0
"input/B/",0.5,88,10,42,1.9,3.4,11.1,0,0,0,0,0,1970,431.68,830.08,2993,411.49,709.97,0
"input/B/",4,28.7,4,12,307,4.8,12.6,0,0,0,0,0,3560,506.31,1021.57,6591.98,578.04,1337.98,0
"input/B/",5.7,54.5,6,41,172,3.5,11,0,0,0,0,0,5820,688.36,771.89,7428.64,231.77,1511.52,0
"input/B/",1.4,37.2,19,24,74.8,0.3,9.6,6.19,1595,7.07,56.05,6.04,3005,292.23,517.25,5394.4,255.26,569.38,2
"input/B/",3.3,79.8,5,22,218.7,1.8,12.1,14.25,4240,45.28,224.04,23.63,7385,731.19,810.17,8131.49,171.77,1544.45,3
"input/B/",4.5,78.6,20,37,244.5,1.5,13.8,0,0,0,0,0,2765,699.79,1366.11,5032.46,680.46,1559.52,0
"input/B/",2.2,70.7,19,32,127.2,2.4,7.3,20.26,1065,7.07,22.88,5.41,2095,191.59,275.97,3181.83,107.2,949.12,5
"input/B/",3.6,78.1,11,25,91.5,2.5,12.9,4.5,2745,7.07,132.12,7.07,5735,734.53,846.41,6690.47,192.49,870.19,1
"input/B/",3.1,87.8,20,52,346.8,4,7.2,15.16,795,5,24.53,5,1965,258.97,465.06,3107.76,223.46,822.6,3
"input/B/",3.5,18.9,18,20,317.9,4.4,13.8,0,0,0,0,0,5625,634.51,692.34,6359.12,487.8,1552.39,0
"input/B/",3.7,15.5,0,49,171.9,2.4,13.4,0,0,0,0,0,6090,594.83,934.28,10217.32,502.1,1560.5,0
"input/B/",5.6,30.4,2,38,49.2,5.4,8.5,4.51,1080,7.07,38.72,7.07,2865,291,523.01,4627.49,288.61,660.5,1
"input/B/",3.5,85.8,16,45,84.2,1.9,6.4,14.96,1905,5,23.34,5,5275,183.63,186.8,5453.02,53.63,968,3
"input/B/",4.7,9.8,0,15,302,4.9,13.8,0,0,0,0,0,4165,512.08,1073.64,7788.3,629.81,1337.44,0
"input/B/",0.1,55.8,10,38,334.9,2.3,9.4,1.46,745,7.07,50.96,7.07,2350,405.77,788.55,3973.9,414.68,1268.26,1
"input/B/",0.1,75.3,10,27,101.7,0.4,10.5,4.5,2030,7.07,84.27,7.07,3960,497.77,640.63,5079.14,188.97,900.47,1
"input/B/",5.8,88.3,13,43,253.7,2.8,12.6,0,0,0,0,0,3300,743.98,1200.63,5205.22,474.05,1553.52,0
"input/B/",1.5,52.5,12,48,151.3,3.2,13.9,0,0,0,0,0,2570,463.24,903.21,4904.65,461.71,1022.84,0
"input/B/",4.8,89.3,4,18,88.2,0.5,8.8,48.62,2105.15,40.31,58.85,13.17,4575,247.2,303.25,5478.96,86.73,653.33,16
"input/B/",3.8,63,10,9,98.8,4.1,11.9,18.1,2320,65.76,112.97,29.54,3890,452.41,583.89,5013.18,188.63,939.21,7
"input/B/",0.3,14.1,23,17,263,4.6,13.3,0,0,0,0,0,4730,654.6,1113.98,8708.74,675.64,1559.85,0
"input/B/",1.5,11.4,2,49,38.9,2.1,8.8,0,0,0,0,0,3910,339.05,524.8,7175.21,331.24,1044.85,0
"input/B/",4.3,25.6,18,17,59.3,0.8,7.1,39.05,1413.74,7.07,15.02,5.69,2010,158.19,297.25,3777.39,178.63,617.27,9
"input/B/",1,68.2,6,30,76.1,2.8,13,0,0,0,0,0,3195,537.11,754.75,4528.1,253.25,606.3,0
"input/B/",1.7,56.2,2,43,277,3.8,13.7,0,0,0,0,0,2905,691.39,1428.08,5217.13,754.4,1354.63,0
"input/B/",3.5,16.2,7,35,244.4,0.2,7.4,0.21,30,5,13.09,5,3325,328.7,375.06,4198.17,280.08,1552.92,1
"input/B/",3.3,23.1,19,54,279,5.3,10,0,0,0,0,0,4890,545.19,670.77,6700.52,405.05,1561.33,0
"input/B/",4.3,69.3,7,54,117.6,2,12.3,0,0,0,0,0,2780,484.67,711.71,4146.51,253.53,960.94,0
"input/B/",0.2,60.1,12,52,67,1.2,7.1,0,0,0,0,0,4495,348.81,376.93,5243.09,132.75,973.27,0
"input/B/",1.8,4,2,45,214.6,5.4,10.3,0,0,0,0,0,6535,538.5,867.67,13181.98,525.55,1561.15,0
"input/C/",5.2,66.4,20,21,169.8,1.3,8.3,43.63,1515,30,27.68,11.8,3200,45.65,65.01,4512.13,28.09,1466.66,59
"input/C/",2.5,21.7,18,30,36.4,2.4,13.2,5.08,3256.83,142.13,209.83,100.88,5430,357.54,516.9,7922.86,307.78,1813.92,10
"input/C/",2,59.4,18,28,309,5.3,9,46.19,930,53.85,27.92,19.82,3820,119.55,177.05,5554.95,78.01,1545.78,76
"input/C/",2.8,32.9,5,27,101.1,0.9,10.2,26.7,2665,162.63,31.31,19.25,4260,136.21,200.17,6202.96,98.99,1807.6,31
"input/C/",3.6,49.8,8,49,28.6,2.9,6.2,29.31,560,20.62,17.67,8.98,3105,55.95,81.02,4379.75,46.63,1634.21,32
"input/C/",3.5,47.9,4,34,346.4,1.4,10.8,21.53,1695,187.22,26.72,20.2,5415,269.72,394.4,7651.83,171.7,1655.52,16
"input/C/",3.3,44.1,4,14,81.1,3.1,12,20.92,3510,194.49,58.45,67.76,5045,180.85,264.43,7267.3,120.27,1739,29
"input/C/",0.1,37.4,17,32,322.8,1.8,12.3,8.14,2965,200.06,51.43,42.69,5385,348.36,510.32,7685.87,237.74,1728.51,6
"input/C/",5.1,86.9,12,35,0.4,5,7.5,46.13,591.3,47.17,25.34,20.4,3895,74.38,108.57,5505.46,49.11,1537.09,83
"input/C/",5.9,4.9,9,26,144.1,2.6,13.5,6.39,1530,195.58,191.44,78.4,5085,224.71,341.47,8683,166.47,1998.11,17
"input/C/",1.5,38.7,10,11,297.3,3.3,9.4,49.91,2020,90.14,28.18,21.19,4810,105.32,136.1,5893.19,71.6,1646.17,100
"input/C/",0.4,35.7,9,34,48.6,1,8.6,32.64,2420,50,21.7,17.16,3900,130.04,205.17,5862.38,117.09,1812.98,49
"input/C/",3,35.2,21,48,17.1,3,8.4,28.03,2055,187.22,25.04,19.86,3260,162.23,309.31,5842.28,181.4,1813.3,42
"input/C/",2,20.2,14,18,335.8,3.1,13.3,0,0,0,0,0,5105,354.02,420.64,5913.02,282.91,1983.36,0
"input/C/",4,3.5,15,39,309.7,2.7,11.8,11.23,3475,319.77,108.24,94.98,5595,293.9,579.05,10280.88,386.36,1957.99,13
"input/C/",1.3,36,6,10,270.9,2.8,7.9,59.56,1050,83.22,33.15,25.74,2830,60.3,99.78,4354.36,49.72,1934.41,114
"input/C/",5.7,59.4,11,10,232.4,1.4,7.9,56.11,1405,50,30.6,17.6,3430,48.71,73.42,5069.25,31.25,1919.59,95
"input/C/",4.6,23.8,19,48,23.8,2.2,10.7,23.25,3069.75,142.13,31.89,20.15,4820,253.35,412.58,7489.18,247.78,1799.85,16
"input/C/",4.5,81.5,9,17,344.5,4.8,8.2,58.1,1480,49.24,30.49,22.6,4510,68.78,83.94,5238.95,37.41,1517.2,126
"input/C/",0,60,19,16,157.9,4.9,10.9,34.03,2195,35.36,35.08,14.81,3895,93,121.58,5208.3,46.57,1364.77,46
"input/C/",2.4,20,1,19,325.7,1.2,9.6,43.89,3145,110.68,33.76,31.09,3990,154.4,243.62,7017.85,149.3,1751.2,83
"input/C/",1.2,31,16,30,139.3,3.8,12.9,6.18,2440,148.41,134.75,68.1,4750,152.04,234.07,6940.09,92.51,1717.4,8
"input/C/",1.3,87.9,15,16,291.1,3.7,12.7,32.3,1085,223.44,84.23,83.9,3465,236.93,384.43,5138.7,160.27,1491.79,43
"input/C/",2.2,73.1,21,10,65.9,0.8,13.4,23.05,3025,292.96,151.27,122.01,5025,202.84,282.9,6791.31,106.55,1765.85,40
"input/C/",3.3,50.6,7,25,19.3,1.3,11,28.97,2019.44,242.07,57.68,82.33,3885,275.52,516.47,6893.11,267.67,1801.64,29
"input/C/",1.6,45.3,16,31,329.6,1.8,8.9,44.44,555,74.33,25.75,26.05,3430,137.32,257.81,6066.96,140.37,1671.91,80
"input/C/",3.4,62.6,3,11,89.2,2.8,13.9,11.89,3570,194.49,156.67,101.05,6450,201.8,265.12,7930.75,96.21,1644.06,19
"input/C/",2.8,1.1,1,27,33.8,2.9,9.5,29.34,1200,142.13,26.04,19.25,4675,170.64,261.59,8954.55,208.33,1816.08,29
"input/C/",2.4,4.3,1,19,287.4,1,13.7,13.18,3410,380.3,129.22,74.62,5370,301.33,524.45,9767.12,351.32,1999.46,27
"input/C/",5.9,60.3,3,19,7.2,4.1,12.9,15.86,3261.19,205.97,241.89,156.51,6310,362.63,529.96,8982.95,207.4,1750.28,27
"input/C/",4.3,24.4,22,18,243.7,0.4,12.8,2.29,2810,147.05,64.88,77.06,5155,270.5,343.82,6285.35,186.31,1975.89,2
"input/C/",5.2,57.1,3,47,259.5,2.6,10.8,27.1,1224.66,46.1,30.35,14.15,4130,173.43,283.1,6392.14,125.11,1916.4,25
"input/C/",5.8,53.2,18,21,279.1,3.7,9.2,50.31,1665,47.17,30.2,19.7,3995,98.89,138.77,5326.2,61.3,1604.55,87
"input/C/",1.3,81.4,20,38,90.1,5.3,10.6,18.51,1155,132.1,32.97,40.01,2900,124.69,218.53,4675.8,102.11,1442.79,18
"input/C/",1.5,72.9,1,56,313.6,1,10.2,28.54,2425,18.03,31.47,9.15,4965,181.69,215.53,5881.09,75.45,1495.5,22
"input/C/",3.5,19.2,18,46,156,1.6,11,16.27,1920,35.36,35.76,14.26,4180,107.56,173.24,6513.64,74.1,1922.97,19
"input/C/",5.7,16.8,22,27,21,4.1,12.3,7.78,2759.45,162.79,165.89,110.97,4400,342.06,531.53,7136.17,349.19,1798.97,14
"input/C/",5.3,35.8,15,35,53.9,4.6,12.7,0,0,0,0,0,5435,322.41,414.02,6876.16,191.17,1774.96,0
"input/C/",2.4,39.1,1,47,343.3,5.1,12.7,0.91,625,158.82,158.58,152.08,3920,465.98,895.83,7064.14,468.65,1675.16,2
"input/C/",4.2,17.8,3,48,37.9,5.4,11.8,4.16,3045,142.13,172.18,87.19,4745,319.71,485.21,7098.46,312.27,1821.39,8
"input/C/",4.8,67.1,5,43,54.1,1.1,10.7,19.43,1100,194.49,40.75,56.61,3760,231.75,395.23,6289.07,182.57,1815.94,17
"input/C/",4,68.3,2,37,149.1,2.5,9.2,37.67,1250,31.62,29.6,13,3170,68.03,90.43,4222.09,36.77,1351.45,56
"input/C/",0.8,62.1,3,54,335,1.8,8.7,32.31,1775,26.93,24.34,11.26,4330,131.46,161.54,5157.45,68.57,1531.3,39
"input/C/",0.3,29.3,15,34,214.5,2.8,11.6,0.74,865,5,15.91,5,4870,221.31,273.54,5862.18,137.4,1990.42,1
"input/C/",4.6,66.7,4,26,314.1,2.5,13.1,5.36,2785,90.14,93.23,28.09,5670,269.05,294.03,6068.77,96.81,1528.61,5
"input/C/",2.2,79.1,11,7,349.9,0.1,10.3,63.45,1230,215,48.18,50.68,4370,109.29,166.76,6518.53,73.4,1636.19,156
"input/C/",4.2,68.9,20,11,133.2,3.2,13.7,11.57,2550,132,68.92,27.39,4205,113.66,158.7,5639.27,56.32,1369.79,10
"input/C/",5.2,21,18,50,245.1,5.3,12.8,7.4,2525,190.07,95.87,39.79,4495,221.79,396.24,7946.42,204.73,1996.6,14
"input/C/",0.4,51.2,9,27,298.1,1.6,12.1,12.89,2415,14.14,34.56,7.17,5465,262.16,327.84,6565.97,131.48,1676.86,8
"input/C/",5.3,58.4,13,22,316.3,0.2,12.8,11.77,2264.2,299.67,204.6,116.99,5110,355.18,558.03,7733.73,239.86,1669.02,19
"input/C/",5.3,48.2,6,10,185.7,2.3,9.5,40.59,2175,32.02,26.42,10.25,3045,49.21,83.67,5157.1,40.51,1903.64,42
"input/C/",2.5,24.8,14,38,273.3,0.2,6.3,50.84,880,67.27,24.6,19.76,2960,44.31,87.12,5281.33,46.9,1952.79,64
"input/C/",2.7,55.9,17,44,223.3,1.5,7.2,38.28,1310,30,21.08,13.52,3370,57.66,58.9,3431.43,36.31,1142.28,59
"input/C/",5.1,54.1,9,23,82,2.2,7.8,46.83,1255,47.43,26.78,22.57,3300,57.86,87.29,4780.74,46.39,1551.18,101
"input/C/",4.4,57.6,13,8,290,2.4,8.1,61.73,2005,45,28.51,21.26,3910,53.77,56.11,4056.38,34.04,1166.87,144
"input/C/",3.4,64.5,7,8,194.5,1.5,6.1,50.01,2315,25,23.28,11.08,2315,25.01,39.92,3866.96,18.91,1529.22,61
"input/C/",4.2,9.2,19,55,171.6,1.2,9.2,27.59,1279.4,15.81,24.15,8.71,4090,75.59,122.67,7068.88,64.62,1992.97,30
"input/C/",1.6,88.3,20,41,47.1,2.3,6.1,36.8,570,36.06,22.34,15.27,2805,44.64,58.24,3597.63,30.13,1184.01,61
"input/C/",0.8,19,14,17,318.7,5,9.7,47.13,2120,180.28,34.42,37.2,3590,145.56,286.25,6720.69,181.96,1671.6,86
"input/C/",1.1,32.6,15,17,70.5,3.2,11.7,17.77,2420,187.22,25.35,21.25,5375,217.17,273.49,6611.58,140.54,1818.37,14
"input/C/",3.1,9.5,11,11,260.8,0.1,7.9,58.32,1455,49.24,31.31,21.47,3090,62.83,95.41,4974.03,53.98,1991.57,115
"input/C/",2.3,72.6,15,29,34.8,2.5,7.6,38.43,1995,70,25.54,29.33,2600,85.26,164.78,4661.91,89.51,1805.93,96
"input/C/",5.2,83.3,22,21,95.1,3.5,13.3,11.28,2997.86,162.63,111.75,64.89,5425,171.43,229.94,6828.96,77.3,1387.08,10
"input/C/",2.6,83.6,21,20,240.4,5.1,7.1,51.71,720,43.01,29.87,15.87,3475,47.62,67.78,4836.76,27.8,1807.05,74
"input/C/",2.6,55,17,29,95.3,0.6,11.9,13.99,3720,166.51,47.76,46.66,4260,160.53,240.38,5794.2,100.99,1525.58,11
"input/C/",0.7,10.8,12,32,12.6,3.4,6.9,40.11,500,39.05,18.47,16.55,3225,60.45,80.63,5069.84,63.54,1738.9,68
"input/C/",5,52.8,21,52,80.5,1.3,11.2,11.92,1925.62,162.63,32.19,25.59,4075,189.87,286.04,5856.51,124.42,1725.46,8
"input/C/",2.4,48.3,5,18,205.2,3.3,12.6,18.92,2685,20,40.84,9.13,3825,118.12,213.21,6704.12,102.46,1995.42,16
"input/C/",0.2,16.6,21,13,158.6,1.3,9.6,41.32,1945,38.08,19.79,14.99,4200,123.96,126.59,4292.42,106.64,1926.33,71
"input/C/",3.9,25.4,10,55,354.7,3.1,10,19.58,1125,10,18.67,6.6,4455,245.73,372.57,6751.82,211.88,1785.72,12
"input/C/",3.1,17,7,53,93.1,1.1,8.4,23.15,1610,42.72,22.94,16.08,3720,104.8,175.18,6053.63,105.63,1813.42,36
"input/C/",2.9,53.5,16,8,72.7,2.5,12.5,36.23,2450,390,81.13,126.5,3155,147.33,289.66,5734.79,157.99,1812.01,69
"input/C/",5.2,13.7,11,48,209.8,0,6,32.25,1520,20.62,18.23,10.88,2570,42.38,47.65,2900.32,38.87,1773.05,42
"input/C/",3.9,41.7,6,54,135.2,0.8,11.2,13.29,1415,25.5,27.84,8.81,2750,84.28,141.62,4308.4,58.71,1448.75,8
"input/C/",2.1,11.4,21,40,200.3,0.8,11.3,16.09,2070,40.31,46.56,14.37,4180,117.05,192.93,7553.31,100.3,2000.37,23
"input/C/",6,18.8,15,48,195.9,0,13.8,3.11,3280,40.31,96.23,21.48,5770,146.11,241.49,10308.26,109.88,2002.17,6
"input/C/",1.9,81.3,13,17,276.6,4.2,7.2,56.66,1407.84,45.28,29.91,20.14,3725,49.71,63.89,4893.08,28.94,1430.31,105
"input/C/",3,27.5,0,31,107.9,1.5,10.7,21.07,3045,14.14,18.72,7.49,5255,185.85,193.94,5472.99,128.44,1916.25,13
"input/C/",1.6,17.8,15,56,33.7,2,9,25.18,2199.13,15,17.03,7.76,3455,159.33,196.52,4117.31,147.22,1809.83,22
"input/C/",4.7,0.5,14,30,302.4,2.9,9,36.22,1535,31.62,18.01,12.07,1985,131.12,131.12,1985,131.01,1985,51
"input/C/",1.3,1.2,4,22,122.1,3.2,13.1,0,0,0,0,0,2150,318.58,374.23,2523.32,298.16,2001.34,0
"input/C/",2.7,4.1,0,36,184.4,2.1,12.9,0,0,0,0,0,3440,286.71,372.94,5174.77,235.72,1998.26,0
"input/C/",5.9,81,8,25,349.2,1.4,7.7,55,270,73.82,27.98,31.7,2840,78.92,140.78,4852.24,71.75,1627.3,129
"input/C/",5.5,30.7,0,27,308.1,0.7,12.1,0,0,0,0,0,5480,299.17,351.17,6239.3,196.56,1910.46,0
"input/C/",1.9,64.8,23,56,64.9,4.3,7.3,31.94,1530,25,21.55,11.51,3880,61.31,61.31,3880,34.92,1025.81,44
"input/C/",3.1,79.8,13,53,359.3,2.6,7.6,35.76,535,38.08,21.15,12.53,3750,91.98,139.08,5401.95,63.27,1561.69,47
"input/C/",5.7,32.6,11,39,174,4.3,11.4,14.1,1900,15.81,38.22,9.08,4405,88.27,139.93,6983.01,62.55,1986.97,16
"input/C/",2.5,69,12,17,327.4,2.9,7.2,57.47,1039.36,58.31,28.51,25.07,3260,56.35,81.01,4482.22,39.86,1496.65,128
"input/C/",5.9,28.4,9,35,184.2,1.9,6.3,38.36,1570,26.93,21.2,12.25,2980,40.03,53.03,3755.51,31.1,1785.29,53
"input/C/",5,76.9,10,23,108,4.7,12.8,10.23,1965,100,53.66,30.12,3620,114.16,183.97,5297.13,76.42,1345.52,9
"input/C/",3.7,38.5,23,50,68.3,2.7,7.7,24.62,640,38.08,20.09,12.78,2950,85.36,154.77,5173.6,91.25,1777.78,30
"input/C/",3.8,73.3,5,34,74.2,2.4,6.5,39.93,1010,36.06,23,16.82,3580,43.57,55.92,4516.62,30.68,1255.06,71
"input/C/",2.8,34.3,3,44,34.9,0.8,11.1,15.57,495,101.98,24.03,14.65,4285,309.15,550.33,7617.89,291.65,1812.87,11
"input/C/",0.4,7.7,7,23,280,4.1,7.8,53.92,2010,65,32.37,23.88,3610,72.3,113.36,6247.16,66.72,1958.69,97
"input/C/",2.5,58.6,1,47,124.3,2.6,10,25.87,1520,25.5,27.28,8.87,3310,94.92,134.78,4440.4,55.16,1274.65,24
"input/C/",1.2,26.5,17,54,241,2.5,11.5,10.64,2310,46.1,60.9,17.53,4020,190.84,309.86,6470.07,154.13,2004.86,16
"input/C/",4.5,84.9,17,27,302,2.3,8.8,52.41,720,45.28,29.41,20.35,3720.28,98.26,147.86,5131.96,61.24,1282.17,93
"input/C/",0.3,33.3,18,21,339.2,0.8,6.5,51.73,1115,58.31,23.46,23.42,3120,46.88,68.1,5006.79,41.95,1565.76,105
"input/C/",3.5,65.4,23,7,347.9,5.2,9.3,68.5,682.76,205.97,38.29,51.79,2900,88.33,165.22,5026.37,88.53,1669.23,178
"input/C/",3.2,44.6,18,43,135.9,5.3,6.4,34.61,570,36.06,24.03,13.75,2075,37.79,57.92,3352.63,29.32,1352.73,52
"input/D/",0.6,60.9,20,23,277.4,5.2,10.9,77.51,2720,170.07,43.42,27.2,4060,107.47,153.32,5702.76,71.07,1565.7,229
"input/D/",1.1,63.3,12,27,325.5,3.2,11.7,71.55,3595,139.01,61.96,33.12,4635,150.78,214.77,6623.56,91.76,1568.07,184
"input/D/",1.5,8.7,1,32,269.5,1,7.4,81.45,1610,79.06,23.31,11.86,3155,42,58.91,5058.76,42.63,1659.5,237
"input/D/",2.7,27.5,8,34,151.9,5.3,6.6,84.2,1464.64,25,26.13,10.09,3005,35.39,48.39,4115.15,30.64,1375.8,226
"input/D/",3.8,45.6,19,33,169.3,2.5,12.2,49.5,3555,109.66,78.47,25.89,4750,272.77,384.84,6879.98,165.67,1509.3,113
"input/D/",2.9,4.9,6,46,315.6,2.5,7.7,72.65,1320,78.1,23.16,10.45,3290,55.01,78.1,5616.91,54.49,2008.35,200
"input/D/",1.2,26.7,0,49,278,1.2,10.3,51.58,2835,101.24,32.28,14.19,3810,185.61,264.5,5507.62,148.41,1577.9,116
"input/D/",1.9,16.2,0,27,76.5,2.2,12,44.71,3595,216.45,73.34,26.63,4510,244.92,346.86,6744.99,217.08,2006.35,112
"input/D/",1.2,83.2,12,10,128.1,1,6.1,94.15,800,33.54,29.66,11.37,2805,33.06,44.05,3859.53,23.54,904.19,272
"input/D/",1.3,28,12,39,209.6,0.3,10.7,54.59,2680,85.44,37.39,15.53,4430,191.76,273.37,6726.94,145.88,1521.59,130
"input/D/",2.8,65.4,19,27,155.4,3,9.3,83.96,1858.98,42.43,32.05,12.57,2345,64.63,114.93,4138.7,56.59,1429.12,224
"input/D/",5.4,1.1,1,42,89.1,4.1,8.5,75.47,1520,35,25.03,10.13,1980,69.37,82.78,2623.62,67.66,2002.03,202
"input/D/",1.5,44.1,3,15,115.1,5.1,8.1,91.05,1745,40.31,28.66,11.6,2950,42.71,60,4656.73,33.64,1391.71,261
"input/D/",4.4,68,14,26,137.3,5,13.7,61.69,4600,85,103.73,24.87,6160,263.56,312.21,7393.43,102.7,1427.1,124
"input/D/",2.2,72.9,23,34,97.8,0.5,6.4,82.6,630,32.02,29.17,11.73,1760,35.71,61.03,3137.85,29.74,1408.23,207
"input/D/",2.9,50,14,43,12.9,4.5,10,70.52,2710,93.01,36.81,14.61,4385,115.76,174.22,6803.29,81.13,1954.86,172
"input/D/",2.6,13.2,23,29,163.1,5.1,9.5,76.38,2350,106.3,31.99,14.84,3650,82.5,127.82,6197.91,78.48,1505.08,209
"input/D/",5.7,70.7,5,17,74.1,3.7,8.5,91.32,1820,53.15,29.94,12.49,2720,44.57,71.98,4598.49,36.06,1679.53,255
"input/D/",0.6,87,3,39,80.6,4.1,12.4,51.13,2275,365.14,64.08,26.82,2875,235.68,428.04,5023.69,201.78,1680.68,110
"input/D/",3.1,16,21,50,356.6,4,10.3,50.32,2475,35,28.3,10.22,3600,187.65,206.19,3946.99,163.57,2000.56,104
"input/D/",5.2,46.1,19,24,28.9,3.5,9.5,81.11,3250,82.01,30.27,12.84,3780,76.79,94.07,5035.42,49.43,1960.4,229
"input/D/",1.1,70.6,13,46,292.5,3.7,9.2,77.42,3340,55.9,32.94,10.78,4255,79.52,83.96,4474.97,40.35,1108.69,206
"input/D/",3.4,72.5,7,49,183.4,1.1,11.9,57.17,2930,106.3,72.34,19.17,4740,232.96,324.79,6735.07,118.85,1508.78,118
"input/D/",3.4,61.5,6,11,118.6,1.9,7.1,92.13,1525,55.9,30.08,14.39,1895,37.14,63.04,3410.92,30.74,1242.47,278
"input/D/",2.8,6.1,4,52,130.5,1.5,12.7,26.84,4550,293,116.21,31.22,5050,314.11,549.76,9317.4,366.41,1993.02,59
"input/D/",5.1,36.8,10,28,94.5,4.9,7.8,86.73,1730,33.54,27.51,10.18,2761.4,43.29,60.92,4048.12,35.57,1680.15,227
"input/D/",1.8,46.7,7,12,45.7,1.7,9.7,89.04,2540,158.82,29.97,17.57,3670,57.72,90.95,6088.37,48.16,1999.56,297
"input/D/",1.5,71.7,9,16,4.5,1,6.5,90.64,1245,86.02,27.16,14,2255,32.35,51.27,3511.57,28.23,1480.24,279
"input/D/",3,69.3,11,56,114.6,4.8,8.9,73.2,1515,33.54,33.82,10.08,3190,82.51,128.92,4775.39,58.64,1415.77,176
"input/D/",5.7,29.6,19,42,149.3,3,8.3,78.89,1395.82,35,28.66,10.13,2865,56.83,92.56,5313.33,49.46,1430.74,195
"input/D/",2.9,72.4,9,43,130.2,0.8,13.2,46.98,3955,90.14,92.76,19.96,5725,332.83,445.46,7734.71,148.69,1433.12,100
"input/D/",2.1,25.2,12,22,349.2,1.4,12,66.23,3250,285.04,66.37,44.93,3910,153.6,278.82,7002.45,158.24,1979.52,171
"input/D/",4.3,58.6,1,13,70.4,2.8,6.6,92.37,1575,42.72,28.43,12.52,2090,33.85,57.47,3766.45,30.31,1698.08,262
"input/D/",3.2,65.9,3,50,46.1,0.7,7,77.56,1860,22.36,25.91,9.33,3015,41.21,48.39,3504.73,28.57,1440.91,200
"input/D/",2.9,44,20,9,119.5,0.7,8.2,93.07,2055,50.25,27.76,12.37,3650,40.42,51.99,5124.37,31.32,1385.09,286
"input/D/",0.5,17.7,16,32,321.2,0.3,8.4,76.13,1825,124.2,26.22,15.91,3505,58.35,99.74,6081.36,61.32,1832.93,215
"input/D/",1.2,38.6,7,9,137,1.2,10.5,82.03,2335,407.71,38.26,26.9,2840,77.94,135.49,5076.54,72.25,1435.32,278
"input/D/",1.6,36.3,9,54,148.8,3.1,13.1,22.95,4085,278.3,105.82,24.83,5175,433.25,669.5,7762.62,310.93,1501.93,50
"input/D/",1.8,79.2,15,7,248.6,0.2,9,94.31,1720,87.46,30.44,18.08,3815,41.22,46.36,4349.23,27.24,1038.6,350
"input/D/",5.5,57.5,7,54,172.2,0.5,11.1,56.44,3655,68.01,62.14,14.86,5350,214.37,259.22,6507.25,99.04,1435.25,111
"input/D/",2.6,5.8,16,56,209.5,5,8.7,65.54,1610,63.25,26.67,9.83,3920,85.62,128.59,6417.1,84.98,1570.23,166
"input/D/",4.9,1.8,1,46,280.8,3.3,10.3,53.14,1465,63.25,27.96,11.12,2125,169.25,179.11,2254.47,169.59,2007.61,118
"input/D/",2,20.1,1,22,83.1,0.4,13.2,27.08,4130,141.51,71.61,35.6,5040,378.29,431.51,5708.79,284.48,1997.92,64
"input/D/",1.1,48,16,20,299.5,2.5,11.4,71.15,3630,124.2,48.32,25.91,4530,143.45,183.54,6062.49,86.46,1564.39,208
"input/D/",1.5,21.2,9,10,280.6,2.7,6.6,92.67,1605,103.08,23.85,16.19,2595,30.76,38.92,3551.05,30.46,1478.01,298
"input/D/",1,5.8,20,31,269.7,2.7,13.7,30.59,4240,585.23,131.15,81.73,6535,318.81,591.59,12616.94,381.21,1589.93,70
"input/D/",0.3,70.6,6,47,203.2,2.6,12.3,55.48,4090,106.3,91.09,21.69,5305,267.02,328.44,6596.71,106.61,1481.06,111
"input/D/",1.7,29.8,12,52,341.3,1.5,10.6,43.28,3625,35,36.55,11.04,4420,235.84,245.04,4594.31,156.47,1840.64,92
"input/D/",3.7,57.1,8,51,118.1,1.2,12.9,42.24,4340,75.17,109.48,22.83,5875,360.97,415.48,6923.34,140.84,1468.27,88
"input/D/",4.1,31.3,14,47,322.4,5,8.3,70.05,2185,81.39,24.92,11.6,3430,67.19,101.12,5703.62,57.75,1579.49,186
"input/D/",0.5,22.2,15,30,212.2,2.8,7.2,85.3,1280,63.25,24.98,11.25,2600,37.03,57.1,4429.71,34.58,1506.47,239
"input/D/",2,26.8,5,11,232.1,2.1,7.1,92.46,1560,90.14,23.81,13.58,2740,33.28,36.2,2979.3,30.71,1326.35,281
"input/D/",4.6,68.8,16,25,341.7,0.6,7.7,86.71,1840,107.35,26.78,13.82,3210,40.03,57.99,4503.35,31.46,1467.83,246
"input/D/",2.1,63.5,11,26,1.1,2.6,8.6,86.31,1860,89.44,28.49,15.42,2710,48.66,85.27,4736.67,44.49,1604.82,249
"input/D/",2.6,66.5,16,17,171.8,2.6,9.1,90.63,2095,98.99,30.27,13.42,3035,48.07,69.68,4586.69,34.43,1378.74,271
"input/D/",1.1,1.2,6,47,0.8,5.4,12.9,19.55,3620,497.29,140.25,120.24,6105,368.96,531.88,10909.89,335.19,2010.27,51
"input/D/",3.5,89.8,18,38,167.8,2.5,8.4,86.62,1960.04,35,31.42,10.36,3930,47.98,52.86,4404.38,26.55,1037.8,223
"input/D/",2.4,83.3,6,19,77.3,3.5,6.8,91.34,695,33.54,28.8,10.69,2640,34.66,48.34,3834.53,25.47,1344.06,242
"input/D/",3.9,50.9,14,46,74.8,4.1,11.4,50.47,3626.32,57.01,59.6,14.6,4440,229.51,332.64,6600.93,144.06,1994.85,105
"input/D/",2.6,17.4,14,41,255.6,2.6,12,23.87,4020,470.03,73.98,41.25,4945,353.16,525.55,8194.58,315.39,1590.22,55
"input/D/",3.9,73.1,13,48,85.1,3.5,13.7,34.89,3160,126.59,88.94,21,4105,372.86,569.35,6377.17,221.02,1843.07,63
"input/D/",0.4,37.8,22,24,250.5,4.2,10.5,71.79,2810,177.34,35.87,22.46,3815,117.1,172.23,5764.05,89.12,1495.25,211
"input/D/",3,20.6,16,16,69.1,0.1,9.7,83.8,2535,101.24,31.68,13.69,3340,69.61,109.28,5685.11,66.61,2002.01,246
"input/D/",1.9,39.3,6,28,39.6,5,13.2,43.74,4260,275.05,102.93,46.56,5460,295.59,437.01,8178.38,197.11,2001.84,100
"input/D/",4.7,14.1,18,55,82,1.3,9.6,62.86,2865,42.43,29.51,10.45,4140,128.53,168.33,6478.8,111.46,2005.32,144
"input/D/",6,48.8,18,21,205.1,0.5,8.4,88.76,2625.53,63.25,26.55,11.44,3760,45.79,55.68,4593.31,33.16,1395,251
"input/D/",2,33.8,0,48,357.7,1.6,8.5,70.83,2250,26.93,24.99,9.53,3835,77.38,78.83,3906.88,57.26,1622.1,188
"input/D/",0.7,49.4,9,39,126.8,0.4,10.4,67.1,2905,50.25,40.65,13.72,5850,142.16,152.92,6371.03,73.64,1464.31,172
"input/D/",3.5,15.1,22,30,167.2,3.2,7.1,85.19,1340,98.99,27.1,11.03,2800,36.92,59.68,5153.11,33.69,1427.86,233
"input/D/",0.9,22.3,3,31,49.5,4.9,8.4,82.71,1675,33.54,27.43,10.88,2805,55.07,90.46,5066.25,53.15,2003.54,219
"input/D/",2.9,2.7,16,39,97.3,0.2,9.6,69,1755,106.3,28.09,11.19,2520,108.72,137.78,3736.38,104.14,2007.59,170
"input/D/",5.7,74.6,10,15,288.7,3.6,8.9,91,1637.19,102.59,29.84,17.16,3490,45.28,58.9,5041.04,31.94,1396.6,283
"input/D/",6,0.7,0,36,102.1,0.7,6.9,83.55,2815,33.54,28.49,10.11,4415,39.92,60.72,8805.85,36.89,1987.44,217
"input/D/",5.7,27,5,52,300.8,1.4,13.6,2.48,3860.92,30.41,78.4,15.86,5415,540.02,593.14,5992.72,343.27,1953.65,4
"input/D/",1,53.2,11,28,144.2,2.3,10.8,66.36,2300,87.32,43.52,14.84,2880,139.03,245.7,4991.66,122.69,1439.47,171
"input/D/",0.6,65.4,13,26,117.8,3.9,13.6,42.43,2005,572.93,109.23,101.5,2850,274.24,503.37,5301.13,243.92,1425.58,110
"input/D/",1,51.5,12,32,341.3,0.5,8.2,82.58,2495,69.64,25.81,10.64,3715,52.95,59.78,4091.7,36.83,1663.55,228
"input/D/",5.9,74,15,27,302.5,4,9.8,84.96,3829.84,77.78,34.32,13.33,4740,69.16,74.26,5289.68,36.3,1156.7,238
"input/D/",2.2,14.4,9,33,135.3,5.3,7.3,82.52,1765,35.36,29.42,10.61,2995,43.18,67.19,4673.41,38.91,1547.94,218
"input/D/",0.4,81.2,6,7,213.9,0.9,13.4,83.68,2355,626.6,58.49,91.98,2700,100.4,178.21,4658.02,86.41,1513.56,329
"input/D/",5.5,27.6,12,43,225.1,3,13.4,9.83,4205,89.44,108.99,40.29,5190,509.38,529.49,5419.86,318.42,1990.36,20
"input/D/",4.5,84,22,56,289.1,3.7,11.8,54.08,1860,504.41,72.12,51.82,2655,206.59,401.41,4629.95,202.17,1584.84,100
"input/D/",3,72.4,13,11,9.3,1,9.8,91.6,2230,175.29,32.65,23.6,2945,51.57,80.59,4823.21,39.93,1845.17,323
"input/D/",0.4,37.6,13,25,26.4,1.7,7.7,86.7,2025,69.64,24.05,11.01,3395,41.54,45.28,3893.34,33.75,1781.91,239
"input/D/",2.4,46,19,48,27,3.8,11.3,51.1,4002.09,97.08,59.42,21.25,4600,221.63,323.33,6588.36,140.09,2000.65,114
"input/D/",2.2,45.6,21,39,241.5,4.3,9.9,70.99,2593.52,93.41,32.34,14.29,4190,108.47,155.5,6227.42,75.43,1492.51,186
"input/D/",0.5,63.6,16,18,285.1,0.1,11.8,77.25,2425,501.42,49.8,45.12,3250,113.06,195.1,5829.44,97.39,1584.06,229
"input/D/",5.6,45.5,1,39,28.3,3.4,10.3,67.45,3250,89.44,39.76,15.13,4810,136.7,181.15,6612.75,82.72,1971.46,168
"input/D/",5.9,26.4,0,28,152.7,5.4,13.9,18.08,4395,106.3,116.31,38.86,5590,488.88,587.11,6745.42,318.48,2001.96,41
"input/D/",1.4,0.1,17,45,204,3.9,11.2,42.43,2820,416.47,74.16,44.26,6485,232.6,388.8,12928.3,260.55,1571.9,97
"input/D/",4,57,1,26,208.8,4.8,13,58.64,3800,198.49,97.39,33.24,6490,264.86,311.84,7904.59,116.1,1448.47,136
"input/D/",4.3,48.1,2,53,230.9,2.6,13.1,28.14,2040,275.41,134.92,84.69,4160,400.23,692.94,6864.8,323,1521.94,60
"input/D/",0.7,37.3,5,7,335.3,4.4,7.7,92.76,1425,128.06,27.63,24.71,2555,36.14,60.21,4413.69,35.94,1535.31,338
"input/D/",2.8,70.5,18,7,155,1.2,8.6,94.13,3830,78.1,28.58,15.51,5450,39.13,39.8,5558.81,26.92,1100.94,330
"input/D/",5.3,77.4,20,32,299.9,1.2,9.3,82,1905,124.2,32.31,18.45,3045,62.17,104.25,5309.32,51.79,1548.04,214
"input/D/",4.7,80.9,5,51,2,1,13.9,47.36,3370,217.08,119.14,47.06,4230,326.54,505.65,6438.79,194.62,1815.62,92
"input/D/",5.2,66,21,20,288.6,2.2,10.6,82.92,1815,170.07,38.59,31.7,2860,76.33,135.15,4906.62,69.13,1573.47,238
"input/D/",0.2,45,5,28,316.1,5.4,11.5,60.13,4360,107.35,58.24,25.65,4740,199.81,247.83,5935.65,112.83,1577.29,161
"input/D/",4.8,76.4,0,26,338.4,1.9,12.1,75.29,5015,124.2,66.98,26.51,6730,152.36,186.89,8388.72,67.59,1472.57,196
"input/D/",2.9,39.7,10,20,205.5,3.4,7.7,90.21,1615,85.44,25.86,12.15,3595,36.73,58.96,5942.3,32.99,1479.65,260
